Source_id,Sentence_en
1,If you want to add a bit more lines.
2,"""And he said unto them, Verily If ye shall be able to you."""
3,"Now, I will select the image."
4,"For more details, please write to contact@spoken-tutorial."
5,"""And he said unto them, Verily If ye shall not."""
6,"In this tutorial, we learnt about:"
7,Child has love in you all.
8,"""After studying this lesson, you will be able to"""
9,"""And he said unto them, Thou shall be cast out of God."""
10,"""And when they had found him, he was a great multitude of the earth."""
11,You all please speak.
12,You all please speak.
13,Then click on Save button at the page.
14,"Now, let us see how to create a program."
15,"Now, click on Save button at the page."
16,We can see that the output is displayed here.
17,"""While inhaling, raise the heads of your eyes."""
18,You all please speak.
19,"Apache, MySQL and PHP obtained through XAMPP 5.5.19"
20,We can see that the output is displayed here.
21,You all please speak.
22,"""After studying this lesson, you will be able to"""
23,"In this tutorial, we learnt about:"
24,"""Slowly raise the legs together, heels."""
25,"""And when they had found him, he was a great multitude of the earth."""
26,"""After studying this lesson, you will be able to knowledge."""
27,You both must speak.
28,Boy displays affection in what.
29,"""And he said unto them, What shall be able to pass away."""
30,"To record this tutorial, I am using Ubuntu Linux OS 16.04"
31,"To record this tutorial, we learnt about:"
32,"""After studying this lesson, you will be able to"""
33,"Now, I will select the image and you can see here."
34,"Now, let's look at the top right corner."
35,"""After studying this lesson, you will be able to"""
36,"""And he said unto them, If ye shall be able to you."""
37,"""After studying this lesson, you will be able to learn about:"""
38,"""And he said unto them, Thou shall be cast out of God."""
39,"""After studying this lesson, you will be able to learn about the ground."""
40,"In this tutorial, we learnt:"
41,"""After studying this lesson, you will be able to"""
42,"""And when they had found him, he was a great multitude of the earth."""
43,"With this, we come to the end of this tutorial. Let us summarize."
44,You all may see the book.
45,You all will learn about this tutorial.
46,"To record this tutorial, I am using: Ubuntu Linux OS 16.04"
47,"For more details, please write to contact@spoken-tutorial.org"
48,"Now, let us see how to add a look at the image."
49,"Now, I will select the image."
50,"""And he said unto them, What shall be able to you."""
51,Welcome to Meet The GIMP.
52,"Now, let's look at the end of this tutorial."
53,We can see that the output is displayed here.
54,"Now, we will learn how to create a class."
55,"Now, let us see how to add a new page."
56,You all may fight.
57,Let us summarize.
58,"Now, I will select the image and here."
59,"""Slowly raise the legs together, and head down."""
60,"""And he said unto them, What shall be in the church."""
61,"Now, we will learn how to create a class."
62,Click on Save.
63,The output is displayed as shown.
64,"Now, let's look at the page."
65,"""After studying this lesson, you will be able to the ground."""
66,"""After studying this lesson, you will be able to"""
67,"If you do not have good bandwidth, you can download and watch it."
68,"""In this lesson, you will be able to learn about the body."""
69,"""Slowly raise the legs together, alockwise direction."""
70,"Now, let's see the output."
71,You all may fight.
72,You all please speak.
73,"Now, we will learn how to create a class."
74,"Now, let's look at this tutorial."
75,We will see the output.
76,"""And he said unto them, Thou shall be in the church."""
77,Then the control goes back to the displayMessage.
78,"Now, let's look at this tutorial."
79,Women is decorating the god.
80,Who is the warrior?
81,"""And when they had found him, he was a great multitude of the earth."""
82,"""Slowly raise the right nostril, heels."""
83,"Now, we will learn how to create a class."
84,You all please speak.
85,"""And he said unto them, Thou shall be cast out of God."""
86,"""After studying this lesson, you will be able to"""
87,"""After studying this lesson, you will be able to eat."""
88,"Now, I will select the image."
89,We will learn about this tutorial.
90,"""After studying this lesson, you will be able to"""
91,"In this tutorial, we learnt about:"
92,"""And he said unto them, Whatsoever shall be cast out of God:"""
93,"""And when they had found him, he was a great multitude of the earth."""
94,"Now, let's look at the top right corner."
95,"""After studying this lesson, you will be able to eat."""
96,Click on Save button.
97,Who are two ?
98,You all please speak.
99,"In this tutorial, we will learn about: Ubuntu Linux OS 16.04."
100,"""In this lesson, you will be able to learn about the ground."""
101,"""And he said unto them, Thou shall be cast out of God."""
102,"""After studying this lesson, you will be able to eat."""
103,"""And he said unto them, What shall ask him."""
104,"""And he said unto them, Thou shall be in the church."""
105,"Now, let's look at the page."
106,"""In this lesson, you will be able to learn about the ground."""
107,You all must speak.
108,You all please speak.
109,You all please speak.
110,Who is the ?
111,Now click on Save button.
112,You all please speak.
113,"""And he said unto them, What shall be in the church."""
114,You all may fight.
115,"Now, let us see how to add a program."
116,We will learn about this tutorial.
117,Click on Save and press Enter.
118,"For more details, please write to contact@spoken-tutorial."
119,"Now, let us see how to add a new page."
120,"""And he said unto them, Thou shall be cast out of God."""
121,"If not, please visit our website."
122,"Now, let's look at the end of this tutorial."
123,"""After studying this lesson, you will be able to"""
124,"Now, let's look at the end of this tutorial."
125,"""After studying this lesson, we will learn about:"""
126,You all please speak.
127,What is the main?
128,"Now, let's look at the image."
129,"For more details, please write to contact@spoken-tutorial."
130,"Now, let's look at this tutorial."
131,"""After studying this lesson, you will be able to"""
132,"In this tutorial, we learnt about:"
133,If you can see that the image is selected.
134,"To record this tutorial, I am using Ubuntu Linux OS 16.04"
135,"Now, let's look at the image."
136,iii.4
137,"In this tutorial, we learnt:"
138,The output is displayed.
139,The Spoken Tutorial Project Team conducts workshops using spoken tutorials.
140,"Now, let us see how to create a new page."
141,You all please speak.
142,The Spoken Tutorial Project Team conducts workshops using spoken tutorials.
143,"Now, let's look at the image."
144,"""After studying this lesson, you will be able to the ground."""
145,"""After studying this lesson, you will be able to"""
146,You all please speak.
147,"Now, we can see that the output is displayed here."
148,"Spoken Tutorial Project is a part of the ""Talk to a Teacher"" project,"
149,"""And he said unto them, Whosoever shall live."""
150,"""And he said unto them, Thou shall be in the church."""
151,The output is displayed as shown here.
152,The Spoken Tutorial Project Team conducts workshops using spoken tutorials.
153,"Now, let's look at the top right corner."
154,"Now, we will learn how to create a class."
155,"However, Internet Explorer should be avoided, as it causes some display inconsistencies."
156,"Now, click on Save and press Enter."
157,You all may see the book.
158,"""After studying this lesson, you will be able to learn about:"""
159,You all please speak.
160,"""And he said unto them, He is a great multitude of the earth."""
161,"""Arudh: One who is the most important, which means """"posture."""
162,"""And he said unto them, Thou shall be cast out of God."""
163,You all please see.
164,The Spoken Tutorial Project Team conducts workshops using spoken tutorials.
165,"Now, let's look at the end of this tutorial."
166,"Now, let us see how to create a program."
167,"""After studying this lesson, you will be able to the ground."""
168,We can see that the output is displayed.
169,"""And he said unto them, Thou shall be cast out of God."""
170,"""After studying this lesson, you will be able to"""
171,"Now, I will select the image."
172,"For more details, please write to contact@spoken-tutorial."
173,"""And he said unto them, What shall be in the church?"""
174,"""And he said unto them, What shall be able to pass away."""
175,"Now, let's look at the page."
176,Now click on Save.
177,"Now, let's look at the end of this tutorial."
178,"Now, let us see how to add a new page."
179,You all please speak.
180,I will leave this tutorial.
181,"Now, let us look at the end of this tutorial."
182,"In this tutorial, we will learn about: Ubuntu Linux OS 16.04."
183,You all please speak.
184,We can see that the output has been added.
185,"Now, let us see how to add a new page."
186,"""And he said unto them, What shall be able to eat."""
187,"""After studying this lesson, you will be able to"""
188,"Now, I will select the image."
189,"""And when he had done, they saw a great multitude of his disciples."""
190,"""While inhaling, raise the right nostril and exhaling."""
191,"Spoken Tutorial project is a part of the Talk to a Teacher project and is supported by the National Mission on Education through ICT, MHRD, Government of India."
192,The output is displayed as shown here.
193,"""And he said unto them, Thou shall be cast out of God."""
194,"""After studying this lesson, you will be able to"""
195,"""While exhaling raise the left leg back to your legs apart."
196,You all please speak.
197,"""After studying this lesson, you will be able to"""
198,"""And he said unto them, What shall be able to you."""
199,"Now, I will select the image and here."
200,"""After studying this lesson, you will be able to"""
201,"""After studying this lesson, you will be able to"""
202,"Now, let's look at the page."
203,You all please speak.
204,You both must speak.
205,"""And he said unto them, Thou shall be cast out of God."""
206,"If not, please visit our website."
207,"Now, let's look at the image."
208,Now click on the Selector tool.
209,You all please speak.
210,"""In this lesson, you will be able to learning the body."""
211,"Now, let's look at the top right corner."
212,"Now, click on Save button."
213,"We can see that the output is displayed as ""Hello World""."
214,"For more details, please write to contact@spoken-tutorial."
215,"In this tutorial, we learnt about:"
216,"Now, let us see how to add a new page."
217,"""And he said unto them, What shall be able to pass?"""
218,Boy has friendship on these all.
219,"Now, let's look at the bottom of this tutorial."
220,"""And he said unto them, Thou shall be cast out of God."""
221,"If not, please visit our website."
222,Boy has kindness on these.
223,"Now, I will type: System dot println within brackets."
224,"""And he said unto them, Thou shall be cast out of God."""
225,"""After studying this lesson, you will be able to"""
226,"""After studying this lesson, you will be able to"""
227,"""After studying this lesson, you will be able to eat."""
228,"""And he said unto them, Thou shall be in the church."""
229,"Now, click on Save and press Enter."
230,"""And he said unto them, Blessed with the heads of his feet."""
231,"""And he said unto them, What shall be able."""
232,Who is the ?
233,"In this tutorial, we will learn about:"
234,You all please speak.
235,"Now, let's look at the image."
236,"""And he said unto them, Thou shall be cast out of God."""
237,"""After studying this lesson, you will be able to"""
238,"""And he said unto them, Thou shall be cast out of God."""
239,"""While inhaling, raise the heads."""
240,"""After studying this lesson, you will be able to learn about the ground."""
241,"""While exhaling raise the right leg back to your legs apart. The eye muscles, heels."""
242,"To record this tutorial, I am using Ubuntu Linux OS 16.04"
243,"""After studying this lesson, you will be able to"""
244,"In this tutorial, we will learn about:"
245,"""After studying this lesson, you will be able to"""
246,"For this tutorial, we learnt about:"
247,"""In this lesson, you will be able to learn about our body."""
248,"In this tutorial, we learnt about:"
249,The Spoken Tutorial Project Team conducts workshops using spoken tutorials.
250,"""After studying this lesson, you will be able to knowledge."""
251,"""And he said unto them, What shall be cast out of God."""
252,You all please speak.
253,"If not, please visit our website."
254,"""And he said unto them, Thou shall be cast out of God."""
255,"Now, I will select the image."
256,I will type:
257,"""And he said unto them, Whosoever shall be able to the Lord."""
258,Click on Save.
259,"""After studying this lesson, we will learn about:"""
260,"""And he said unto them, Verily I will not my Father."""
261,"Now, let's look at this tutorial."
262,The Spoken Tutorial Project Team conducts workshops using spoken tutorials.
263,"Now, we will learn how to create a class."
264,You all please speak.
265,"Now, let's select the image."
266,Click on Save.
267,"""After studying this lesson, you will be able to eat."""
268,"""After studying this lesson, you will be able to"""
269,"""After studying this lesson, you will be able to learn about the same way."""
270,"""And he said unto them, Whosoever shall be able to pass away."""
271,"""And he said unto them, Whosoever shall be able to pass?"""
272,"Now, let us see what happens."
273,"Now, we will learn about this tutorial."
274,"Now, let us see how to add a new page."
275,"""In this lesson, you will be able to learn about the body."""
276,"Now, let's look at the bottom of this tutorial."
277,"Now, let's look at the top right corner."
278,"""And he said unto them, What shall be cast out of God."""
279,Let us see what happens.
280,"In this tutorial, we learnt about:"
281,"Now, I will select the image and here."
282,We can see that the output is not visible.
283,You all may see the book.
284,"Now, I will select the image."
285,"Now, let's look at the page."
286,"""ATIDASANA Sthiti: One who is the world."""
287,"""And he said unto them, What shall not?"""
288,"""After studying this lesson, you will be able to"""
289,"""And he said unto them, What shall be in the church:"""
290,"Now, click on Save button at the page."
291,"In this tutorial, we will learn about:"
292,"""And he said unto them, Thou shall be cast out of God."""
293,"Now, I will select the image."
294,You all please speak.
295,"""And he said unto them, Whosoever shall be cast out of God."""
296,We can see that the output is displayed.
297,"For more details, please write to contact@spoken-tutorial."
298,The Spoken Tutorial Project Team conducts workshops using spoken tutorials.
299,"""After studying this lesson, you will be able to learn about the same way."""
300,"Now, let's look at the image."
301,"""And he said unto them, Thou shall be in the church:"""
302,"""After studying this lesson, you will be able to"""
303,"Now, let us see how to add a new page."
304,"""After studying this lesson, you will be able to knowledge."""
305,"Now, scroll down and click on Save and display button."
306,"Now, click on Save button at the top right corner and drag."
307,"""And he said unto them, What shall be in the church of God."""
308,"""After studying this lesson, you will be able to"""
309,"""And he said unto them, Thou shall be cast out of God."""
310,"""And he said unto them, What shall be in the church?"""
311,"Now, I will select the image."
312,"""After studying this lesson, you will be able to eat."""
313,The output is displayed as shown here.
314,"Now, let's see the output as shown here."
315,You all may fight.
316,"""After studying this lesson, you will be able to learn about the ground."""
317,"""Among the right arm is straightway."""
318,"""And he said unto them, What shall be my Father."""
319,"""While inhaling, raise the right legs."""
320,You all may fight.
321,"""And he said unto them, That is my Father."""
322,You all please speak.
323,"""In this lesson, you will be able to learn about the body."""
324,"""After studying this lesson, you will be able to eat."""
325,"Now, let's look at this tutorial."
326,You all may see the book.
327,"Now, click on Save button at the page."
328,"To record this tutorial, I am using Ubuntu Linux OS 16.04"
329,The Spoken Tutorial Project Team conducts workshops using spoken tutorials.
330,"""After studying this lesson, you will be able to"""
331,"Now, let us see how to add a look at the image."
332,"Now, let's look at the page."
333,"""After studying this lesson, you will be able to eat."""
334,"We can see that the output is displayed as ""Hello World""."
335,"Now, I will select the image and here."
336,"Now, let us see how to add a look at the image."
337,You all please speak.
338,"Now, let us see how to add a new page."
339,"Now, let us see how to create a program."
340,"""And he said unto them, What shall be in the church."""
341,"""And he said unto them, What shall ask him."""
342,"In this tutorial, we learnt about:"
343,"""After studying this lesson, you will be able to eat."""
344,We can see that the output is displayed here.
345,"""After studying this lesson, you will be able to"""
346,You all please speak.
347,"""And he said unto them, What shall be in the church."""
348,"""And he said unto them, Thou shall be cast out of God."""
349,"Now, I will switch back to the terminal."
350,"""In this lesson, you will be able to learn about the same way."""
351,"Now, I will select the image."
352,"In this tutorial, we will learn about:"
353,The Spoken Tutorial Project Team conducts workshops using spoken tutorials.
354,"Now, let's look at the image."
355,You all please speak.
356,"In this tutorial, we will learn about:"
357,"Now, click on Save button at the page."
358,The Spoken Tutorial Project Team conducts workshops using spoken tutorials.
359,"""While inhaling, raise the right leg and exhaling."""
360,You all please speak.
361,"""After studying this lesson, you will be able to"""
362,"""After studying this lesson, you will be able to"""
363,"Now, let us see how to add a new page."
364,You please see.
365,"""In this lesson, you will be able to learn about the ground."""
366,"""And he said unto them, What shall not?"""
367,"If not, please visit our website."
368,"""After studying this lesson, you will be able to"""
369,"""After studying this lesson, you will be able to learn about our body."""
370,The Spoken Tutorial Project Team conducts workshops using spoken tutorials.
371,"Now, we will learn about:"
372,"Now, click on Save button at the page."
373,"Now, let's look at the page."
374,"""And he said unto them, Thou shall be cast out of God."""
375,The Spoken Tutorial Project Team conducts workshops using spoken tutorials.
376,"Now, I will switch back to the image."
377,Boy displays compassion in this.
378,You all please speak.
379,"""After studying this lesson, you will be able to"""
380,"""After studying this lesson, you will be able to knowledge."""
381,"""After studying this lesson, you will be able to"""
382,"Now, click on Save."
383,"""After studying this lesson, you will be able to learn about:"""
384,"""And he said unto them, Thou shall be cast out of God."""
385,"In this tutorial, we learnt about:"
386,"Now, let's look at the top right corner."
387,"In this tutorial, we learnt:"
388,"To record this tutorial, I am using: Ubuntu Linux OS version 16.05."
389,"""After studying this lesson, you will be able to eat."""
390,I will select the image.
391,You both must be able.
392,Child exhibits trust in you.
393,Who is the ?
394,"If not, please visit our website."
395,"""And when he had taken up to pass, they saw the earth."""
396,"Now, let's look at the image."
397,"Now, let us see how to add a new page."
398,"Now, let's look at the top right corner."
399,"""And he said unto them, Thou shall be cast out of God."""
400,"Now, I will select the image and here."
401,If you want to add a program.
402,You all please speak.
403,"In this tutorial, we learnt about:"
404,This is our header file as iostream.
405,"To record this tutorial, we learnt:"
406,You all please speak.
407,The Spoken Tutorial Project Team conducts workshops using spoken tutorials.
408,"""After studying this lesson, you will be able to learn about the knowledge."""
409,"""And he said unto them, Thou shall be cast out of God."""
410,"So, I can see that the image is not visible."
411,I will type the following code.
412,You all please speak.
413,You all please write.
414,"""And he said unto them, Whosoever shall be able to eat."""
415,"""After studying this lesson, you will be able to eat."""
416,Type the following code as shown.
417,"""And he said unto them, Thou shall be cast out of God."""
418,"Now, click on Save button at the bottom right."
419,"""And he said unto them, Whosoever shall be cast out of God."""
420,"If not, please visit our website."
421,Click on Save button.
422,You all please speak.
423,"In this tutorial, we learnt about:"
424,"Now, we will learn how to create a class."
425,"""And he said unto them, Thou shall be cast out of God."""
426,What is the main?
427,You all may fight.
428,"""And he said unto them, Thou shall be in the church."""
429,TERMINAL QUESTIONS
430,"Now, let's see the output."
431,"""After studying this lesson, you will be able to knowledge."""
432,"""And he said unto them, What shall be in the church."""
433,"""And he said unto them, Whatsoever shall be cast out of God:"""
434,"To record this tutorial, we learnt:"
435,"Now, let us see what happens."
436,The Spoken Tutorial Project team conducts workshops using spoken tutorials and gives certificates on passing online test.
437,"To do this tutorial, we will learn about:"
438,"""After studying this lesson, you will be able to"""
439,"""After studying this lesson, you will be able to learn about the ground."""
440,"In this tutorial, we learnt about:"
441,You all please speak.
442,"""And he said unto them, Verily If ye shall not."""
443,"If not, please visit our website."
444,"""And he said unto them, What shall be in the church?"""
445,"""After studying this lesson, you will be able to the ground."""
446,"""And he said unto them, What shall be in the church."""
447,Child has love in you all.
448,"""And he said unto them, Whatsoever shall be cast out of God."""
449,"Now, let us see the output."
450,"""And he said unto them, What shall be in the church of God."""
451,"To record this tutorial, I am using: Ubuntu Linux OS 16.04."
452,You all please speak.
453,"If not, please visit our website."
454,"Now, let us see how to add a new page."
455,"""And he said unto them, What shall be able to pass."""
456,You all please speak.
457,"If not, please visit our website."
458,"""And he said unto them, What shall be cast out of God."""
459,The output is displayed as shown here.
460,You all please speak.
461,"""After studying this lesson, you will be able to"""
462,"""In this tutorial, you should be able to learn about:"""
463,"Now, let us see how to create a new page."
464,Then click on Save button.
465,You all please speak.
466,"""After studying this lesson, you will be able to knowledge."""
467,"If not, please visit our website."
468,"""And he said unto them, Thou shall be cast out of God."""
469,"Now, we will learn about this tutorial."
470,"Now, I will select the image."
471,The Spoken Tutorial Project Team conducts workshops using spoken tutorials.
472,"In this tutorial, we will learn about:"
473,"If not, please visit our website."
474,"""After studying this lesson, you will be able to"""
475,"""And he said unto them, Thou shall be in the church."""
476,"Now, let us see how to add a new page."
477,"""And he said unto them, Thou shall be my Father:"""
478,Who is the ?
479,"Now, click on Save button at the bottom bar."
480,"""And he said unto them, Thou shall be cast out of God."""
481,I will leave the image.
482,"""And when they had found him, he was a great multitude of the earth."""
483,"""After studying this lesson, you will be able to knowledge."""
484,It summarizes the Spoken Tutorial project.
485,"For more details, please write to contact@spoken-tutorial."
486,"""And he said unto them, Thou shall be cast out of God."""
487,You all please speak.
488,"If not, please visit our website."
489,"""And he said unto them, Thou shall be cast out of God."""
490,"""And he said unto them, Thou shall be cast out of God."""
491,"""After studying this lesson, you will be able to"""
492,"""After studying this lesson, you will be able to"""
493,"""While exhaling raise the legs together, a few blink."""
494,"""After studying this lesson, you will be able to"""
495,"""And when they had found him, he was a great multitude of the earth."""
496,"To record this tutorial, we learnt: Ubuntu Linux OS 16.04"
497,"""After studying this lesson, you will be able to the end of God."""
498,"Now, let's look at the page."
499,"""After studying this lesson, you will be able?"""
500,Child exhibits trust in you.
501,"""After studying this lesson, you will be able to"""
502,"Now, let's look at the page."
503,"""And he said unto them, Thou shall be in the church."""
504,You all please speak.
505,"Now, let us see how to create a program."
506,"If not, please visit our website."
507,"In this tutorial, we learnt about:"
508,"Now, let us see how to add a look at the command prompt."
509,"In this tutorial, we learnt:"
510,"If not, please visit our website."
511,We can see that the output is displayed as shown here.
512,"""And he said unto them, What shall be able."""
513,"""In this lesson, you will be able to learn about the mind."""
514,"""And he said unto them, Thou shall be in the church:"""
515,"""After studying this lesson, you will be able to"""
516,"Now, let us see how to add a new page."
517,"""And he said unto them, What shall be in the church."""
518,"""After studying this lesson, you will be able to"""
519,"Now, click on Save button at the page."
520,"""And he said unto them, Whosoever shall be able to eat."""
521,"""After studying this lesson, you will be able to"""
522,The output is displayed as shown here.
523,"""While inhaling, raise the heads of your eyes."""
524,We can see that the output is displayed as shown here.
525,You all may fight.
526,"Now, click on Save."
527,You all may fight.
528,We can see that the output is true.
529,You both must speak.
530,You all please speak.
531,Now click on Save button.
532,"Now, I will select the image."
533,The Spoken Tutorial Project Team conducts workshops using spoken tutorials.
534,The Spoken Tutorial Project Team conducts workshops using spoken tutorials.
535,"Now, click on Save button at the page."
536,"""And he said unto them, Thou shall be cast out of God."""
537,"""And he said unto them, Thou shall be cast out of God."""
538,Let us summarize.
539,Boy displays kindness in them.
540,"""And he said unto them, What shall be in the church of God."""
541,"""And he said unto them, Thou shall be in the church."""
542,"""Slowly raise the left nostril, and exhaling."""
543,We can see that the output is not visible.
544,"""And he said unto them, What shall be able to the Lord."""
545,Boy displays faith in these.
546,"""And he said unto them, What shall be able to you."""
547,"Now, let's look at the page."
548,"""After studying this lesson, you will be able to learn about the knowledge."""
549,"""After studying this lesson, you will be able to"""
550,"In this tutorial, we learnt about:"
551,"""After studying this lesson, you will be able to eat."""
552,"To record this tutorial, I am using: Ubuntu Linux OS version 11.10."
553,"""After studying this lesson, you will be able to"""
554,You all may see the book.
555,"Now, let's look at the page."
556,What is the main?
557,Who is the son?
558,"Now, click on Save button."
559,"""After studying this lesson, you will be able to"""
560,You all may see the book.
561,"If not, please visit our website."
562,"""And he said unto them, What shall be able to you."""
563,"Now, click on Save."
564,You all please speak.
565,You can see that the image is not visible.
566,The Spoken Tutorial Project Team conducts workshops using spoken tutorials.
567,"Now, let's look at this tutorial."
568,You all please speak.
569,"""And he said unto them, What shall be in the church."""
570,Let us start with the introduction to Array.
571,"Now, let us see how to create a new page."
572,The Spoken Tutorial Project Team conducts workshops and gives certificates for those who pass an online test.
573,"""After studying this lesson, you will be able to"""
574,"Now, let's look at the image."
575,You all please speak.
576,You all may fight.
577,"""And he said unto them, What shall be able to pass."""
578,"""After studying this lesson, you will be able to eat."""
579,"In this tutorial, we learnt about:"
580,"""And he said unto them, If ye shall be able."""
581,"Now, click on Save button at the bottom right corner."
582,"Now, let's look at this tutorial."
583,You all please speak.
584,"""After studying this lesson, you will be able to"""
585,You all please speak.
586,I will type: Ubuntu Linux.
587,"Now, let's look at the page."
588,What do you do?
589,"""After studying this lesson, you will be able to"""
590,Click on Save button at the bottom right side.
591,Click on Save button.
592,"Now, I will select the image."
593,The Spoken Tutorial Project Team conducts workshops using spoken tutorials.
594,"Now, click on Save."
595,"Now, let us see how to add a program."
596,"In this tutorial, we will learn about:"
597,"Now, let us see how to add a program."
598,"Now, let us see how to create a new page."
599,"Now, I will select the image."
600,"""While exhaling, raise the left leg back to your eyes."""
601,You all please speak.
602,"Now, let's look at the bottom of this tutorial."
603,Now click on Save button.
604,"""After studying this lesson, you will be able to"""
605,You both must speak.
606,You all will learn about the book.
607,You all please speak.
608,We can see that the output is not visible.
609,"""After reading lesson, you will be able to:"""
610,"Now, we will learn how to create a class."
611,"Now, let us see how to create a program."
612,You all please speak.
613,The Spoken Tutorial Project Team conducts workshops using spoken tutorials.
614,"Now, let's see how to add a new page."
615,Boy displays doubt in these all.
616,"""After studying this lesson, you will be able to the ground."""
617,"In this tutorial, we will learn about: Ubuntu Linux OS 16.04"
618,"""And he said unto them, What shall be able to eat."""
619,"If not, please visit our website."
620,"""After studying this lesson, you will be able to eat."""
621,You all please speak.
622,You all please speak.
623,"In this tutorial, we will learn about:"
624,"Now, let's look at the page."
625,You all please speak.
626,"""And he said unto them, Thou shall be cast out of God."""
627,"""And he said unto them, If ye shall be able."""
628,You all please speak.
629,You can see that the output is not visible.
630,"Now, let us see how to create a new page."
631,"""After studying this lesson, you will be able to eat."""
632,"Now, click on Save button."
633,You all please speak.
634,You all please speak.
635,You all please speak.
636,"""And when they had found him, he was a great multitude of the earth."""
637,"""And he said unto them, What shall be the Lord?"""
638,"Now, let's look at the top right corner."
639,Click on Save button at the page.
640,"""And he said unto them, Thou shall be in the church."""
641,"To record this tutorial, we learnt:"
642,"If not, please visit our website."
643,"Now, let us see how to add a new page."
644,"""And he said unto them, What shall be in the church."""
645,You can see that the output is not visible.
646,"""And he said unto them, Thou shall be in the church."""
647,"""After studying this lesson, you will be able to"""
648,"""After studying this lesson, you will be able to eat."""
649,"""After studying this lesson, you will be able to"""
650,"""After studying this lesson, you will be able to the ground."""
651,The Spoken Tutorial Project Team conducts workshops using spoken tutorials.
652,"In this tutorial, we will learn about:"
653,"""ARASANA Sthiti: One who cannot became resistant."""
654,"""After studying this lesson, you will be able to the end of knowledge."""
655,"Now, let us see how to add a program."
656,"""After studying this lesson, you will be able to the ground."""
657,"Now, click on Save button."
658,"""After studying this lesson, you will be able to learn about the ground."""
659,"""After studying this lesson, you will be able to"""
660,"To record this tutorial, we learnt about:"
661,You all please speak.
662,"If not, please visit our website."
663,"In this tutorial, we learnt about:"
664,"""And when they had found him, he was a great multitude of the earth."""
665,"""And he said unto them, What shall not?"""
666,"In this tutorial, we learnt about:"
667,Then click on Save button.
668,"If not, please visit our website."
669,"""And he said unto them, Thou shall be in the church."""
670,"Now, click on Save button."
671,"""And he said unto them, What shall be able to pass."""
672,"Now, let's look at the page."
673,"""And he said unto them, What shall be the Lord?"""
674,"""And when he had taken up to pass, they saw a certain woman named sought the same way."""
675,"""Slowly raise the right leg back to your legs apart."""
676,"If not, please visit our website."
677,The Spoken Tutorial Project Team conducts workshops using spoken tutorials.
678,"""And he said unto them, What shall be cast out of God."""
679,"""And he said unto them, What shall be in the church."""
680,"""After studying this lesson, you will be able to eat."""
681,"In this tutorial, we will learn about: Ubuntu Linux OS 16.04"
682,"""While exhaling raise the left leg back to your legs apart."""
683,"""After studying this lesson, you will be able to"""
684,You all please write.
685,Now click on Save.
686,You may see the output.
687,"""After studying this lesson, you will be able to create a teacher."""
688,Type the following command: ls space minus press Enter.
689,"""And he said unto them, Whatsoever shall be in the church?"""
690,"Now, I will select the image and click on Save."
691,"""After studying this lesson, you will be able to"""
692,ii
693,"""After studying this lesson, you will be able to"""
694,"""After studying this lesson, you will be able to"""
695,Child exhibits trust in you.
696,Let us see what happens.
697,You all please speak.
698,"""Among the right arm is straight."""
699,"""And he said unto them, Thou shall be cast out of God."""
700,"""And he said unto them, Thou shall be cast out of God."""
701,If you want to see that it is a bit more than raiment.
702,"Now, I will switch back to the image."
703,"""And he said unto them, Whosoever shall be able to pass away."""
704,"""After studying this lesson, we will learn about:"""
705,She did not like reward.
706,"""After studying this lesson, you will be able to"""
707,4. HAMSASANA Sthiti: Dandasana
708,"""And he said unto them, Thou shall be able to you:"""
709,Child has respect in you all.
710,"Now, click on Save button at the page."
711,"Now, let's look at the image."
712,"""After studying this lesson, you will be able to eat."""
713,"""And he said unto them, Thou shall be in the church."""
714,"""After studying this lesson, you will be able to eat."""
715,"""And he said unto them, Thou shall be cast out of God."""
716,Now click on Save button.
717,"""And he said unto them, Thou shall be in the church."""
718,You all may fight.
719,"""And he said unto them, Thou shall be in the church."""
720,You all please speak.
721,"To record this tutorial, we will learn about: Ubuntu Linux OS 16.04"
722,"If not, please visit our website."
723,"Now, let us see how to create a new page."
724,"""After studying this lesson, you will be able to eat."""
725,"Now, I will select the image."
726,The Spoken Tutorial Project Team conducts workshops using spoken tutorials.
727,Compile the program as before.
728,"Now, I can see that the image is selected here."
729,"""After studying this lesson, you will be able to"""
730,"""While exhaling raise the left leg back to your legs apart."""
731,You all please speak.
732,"""After studying this lesson, you will be able to"""
733,"Now, let's look at the end of this tutorial."
734,"""And he said unto them, Thou shall be in the church."""
735,"""Arudh: One who is the most important, which means """"posture."""
736,Boy shows trust in them.
737,"""After studying this lesson, you will be able to learn about the knowledge."""
738,"""After studying this lesson, you will be able to"""
739,"""After studying this lesson, you will be able to"""
740,"""And he said unto them, What shall be in the church."""
741,"""Slowly raise the legs together, and heads."""
742,"""And he said unto them, I will not be able to you."""
743,You all may fight.
744,"If not, please visit our website."
745,Click on Save button at the page.
746,"Now, let us switch back to our program."
747,"Now, let's look at the page."
748,"Now, let's look at the page."
749,"Now, type: ls space hyphen press Enter."
750,"If not, please visit our website."
751,"Now, click on Save button at the bottom right."
752,"""After studying this lesson, you will be able to"""
753,"Here, we can see that the output is true."
754,"""And he said unto them, Thou shall be cast out of God."""
755,"""And he said unto them, Thou shall be cast out of God."""
756,"Now, let us see how to create a new page."
757,You all may fight.
758,"""And he said unto them, Thou shall be cast out of God."""
759,"""And he said unto them, What shall be cast out of God."""
760,You all please speak.
761,"""After studying this lesson, you will be able to"""
762,"Now, let's look at the top layer mask."
763,The Spoken Tutorial Project Team conducts workshops using spoken tutorials.
764,"Now, type: ls space hyphen press Enter."
765,"Now, let us see how to add a new page."
766,"""After studying this lesson, you will be able to the ground."""
767,"""And he said unto them, Thou shall be cast out of God."""
768,"""And he said unto them, What shall be in the church."""
769,"""After studying this lesson, you will be able to the end of God."""
770,"""After studying this lesson, you will be able to"""
771,"""After studying this lesson, you will be able to learn about the same way."""
772,"""And when they had found him, he was a great multitude of the earth."""
773,"""And he said unto them, What shall be my Father."""
774,"""After studying this lesson, you will be able to learn about the ground."""
775,"In this tutorial, we will learn about:"
776,We can see that the output is displayed here.
777,"Now, click on Save button at the page."
778,"Now, let's look at the image."
779,"Now, I will select the image."
780,"""And he said unto them, If ye shall not be able to you."""
781,Click on Save.
782,"""Among the right arm is straight."""
783,"Now, I will select the image."
784,"Now, let us see how to add a program."
785,"Now, let's start painting the image."
786,Now click on Save button.
787,You all please write.
788,Boy displays friendship in you.
789,"To record this tutorial, I am using: Ubuntu Linux OS 16.04"
790,We can see that the output is displayed here.
791,"""And he said unto them, What shall be able to pass away."""
792,I will leave the image.
793,"Now, let us see how to add a program."
794,"Now, let's see what happens."
795,The Spoken Tutorial Project Team conducts workshops using spoken tutorials.
796,"""And he said unto them, What shall be in the church."""
797,More information on this mission is available at the following link spoken HYPHEN tutorial DOT org SLASH NMEICT HYPHEN Intro.
798,"""And he said unto them, What shall be the Lord?"""
799,"Now, let us see how to print the output."
800,"If not, please visit our website."
801,"""And he said unto them, Thou shall be in the church."""
802,Click on Save.
803,"""And he said unto them, What shall be in the church."""
804,The Spoken Tutorial Project Team conducts workshops using spoken tutorials.
805,"In this tutorial, we learnt about:"
806,"""After studying this lesson, you will be able to"""
807,"Now, let us see how to create a program."
808,I wrote a Sanskrit song yesterday.
809,"""After studying this lesson, you will be able to"""
810,"Now, let's look at the page."
811,"In this tutorial, we will learn about: Ubuntu Linux OS 16.04."
812,"""And when they had found him, he was a great multitude of the earth."""
813,Click on Save button.
814,"Now, click on Save."
815,"Now, I will select the image."
816,"Now, I will select the image."
817,You all please speak.
818,"""After studying this lesson, you will be able to"""
819,"""And he said unto them, Thou shall be cast out of God."""
820,"Now, let's see the output."
821,"In this tutorial, we will learn about: Ubuntu Linux OS 16.04."
822,Click on Save.
823,"""And he said unto them, What shall be the Lord?"""
824,"In this tutorial, we learnt about:"
825,More information on this mission is available at the following link spoken HYPHEN tutorial DOT org SLASH NMEICT HYPHEN Intro.
826,"Now, let us see how to add a new page."
827,We can see that the output is not visible.
828,Type the following code.
829,The output is displayed as shown here.
830,Boy has respect on you all.
831,"For more details, please write to contact@spoken-tutorial."
832,"To record this tutorial, I am using: Ubuntu Linux OS 16.04 and Koha version 16.05."
833,"""And he said unto them, What shall be cast out of God."""
834,"""And he said unto them, Whatsoever shall be cast out of God."""
835,Now click on Save button.
836,"""And he said unto them, Whatsoever shall be cast out of God?"""
837,"If not, please visit our website."
838,Then go to the tab 245 TITLE STATEMENT:.
839,"""And he said unto them, Thou shall be cast out of God."""
840,"""And he said unto them, What shall be in the church:"""
841,"Now, I can select the image and here."
842,"""And he said unto them, Thou shall be cast out of God."""
843,"If not, please visit our website."
844,Click on Save button.
845,"Now, let us see how to add a look at the end of this tutorial."
846,"Now, let's look at this tutorial."
847,"""Slowly raise the right nostril, heels."""
848,Scroll down and click on Save changes button.
849,"""After studying this lesson, you will be able to the ground."""
850,"""After studying this lesson, you will be able to"""
851,"If not, please visit our website."
852,"Now, let's look at the page."
853,The output is displayed.
854,"""After studying this lesson, you will be able to"""
855,"Now, click on Save button."
856,Boy displays friendship in them.
857,"Now, let's look at the page."
858,"Now, let us see how to create a program."
859,"Now, click on Save button."
860,"So, I will type: Ubuntu version 0."
861,"""After studying this lesson, you will be able to"""
862,"Now, click on Save button at the bottom right corner."
863,"Now, let us see how to add a program."
864,"In this tutorial, we learnt about:"
865,"Now, let's look at the end of this tutorial."
866,Who is the son?
867,"To record this tutorial, we learnt:"
868,"""After studying this lesson, you will be able to learn about the ground."""
869,"Now, we will learn about this tutorial."
870,"If not, please visit our website."
871,"""After studying this lesson, you will be able to"""
872,"""And he said unto them, What shall be cast out of God."""
873,"""And when he had spoken, they saw it was goneed unto them."""
874,"In this tutorial, we learnt about:"
875,"We can see that the output is displayed as ""Hello World""."
876,You can see that the output is not visible.
877,Who are two ?
878,"""After studying this lesson, you will be able to knowledge."""
879,"The output is displayed as ""Hello World""."
880,"""And he said unto them, Thou shall be in the church."""
881,"""After studying this lesson, you will be able to"""
882,The Spoken Tutorial Project Team conducts workshops using spoken tutorials.
883,Scroll down and click on the left side.
884,"In this tutorial, we will learn about: Ubuntu Linux OS 16.04."
885,"Now, let's look at the end of this tutorial."
886,Click on Save.
887,"""And he said unto them, Thou shall be cast out of God."""
888,"Now, let's look at the top right corner."
889,"""After studying this lesson, you will be able to eat."""
890,"""And he said unto them, What shall be able to passovers."""
891,"""And he said unto them, Whatsoever shall be cast out of God."""
892,"""And he said unto them, What shall not?"""
893,"""After studying this lesson, you will be able to"""
894,"""After studying this lesson, you will be able to the ground."""
895,"Now, let's look at this tutorial."
896,"""And he said unto them, That is my Father."""
897,"Now, let's look at the top right corner."
898,"""And he said unto them, What shall be able to you."""
899,"Now, let's look at the image."
900,"""And he said unto them, What shall be able to pass."""
901,You all please speak.
902,"""After studying this lesson, you will be able to learn about:"""
903,"In this tutorial, we will learn about: Ubuntu Linux OS 16.04."
904,"""After studying this lesson, you will be able to eat."""
905,"""After studying this lesson, you will be able to"""
906,"""After studying this lesson, you will be able to"""
907,"""After studying this lesson, you will be able to eat."""
908,You all please speak.
909,"Now, I will select the image."
910,"The Spoken Tutorial project team: Conducts workshops using spoken tutorials,"
911,"""In this lesson, you will be able to learn about the mind."""
912,We have come to the end of this tutorial.
913,"In this tutorial, we learnt about:"
914,We can see that the output is displayed.
915,"""After studying this lesson, you will be able to"""
916,"""And he said unto them, What shall be in the church."""
917,"""And he said unto them, Thou shall be cast out of God."""
918,You both must speak.
919,"In this tutorial, we learnt:"
920,"""Slowly raise the right nostril, and exhaling."""
921,"Now, let's look at the image."
922,"Here, we can see that the output is displayed as shown here."
923,You all please speak.
924,"Now, click on Save button at the page."
925,"""And he said unto them, Thou shall be cast out of God."""
926,I will select the image.
927,iii.
928,"Now, type: ""gcc"". Press Enter."
929,"Now, I will select the image."
930,"Now, click on Save button at the bottom right."
931,"""After studying this lesson, you will be able to"""
932,We can see that the output is displayed as shown here.
933,The Spoken Tutorial Project Team conducts workshops using spoken tutorials.
934,"Now, let us see how to create a new page."
935,"Now, I will select the image and click on Save."
936,"""After studying this lesson, you will be able to"""
937,"""And he said unto them, That is my Father."""
938,You all please speak.
939,"Now, let's look at the top right corner."
940,"""And he said unto them, If ye shall not be able to you."""
941,"""And he said unto them, Thou shall be cast out of God."""
942,iii.
943,"Now, we can see that the output is displayed as shown here."
944,"Now, let's look at the page."
945,"Now, let's look at the page."
946,"""In this lesson, you will be able to learn about the mind."""
947,"""And he said unto them, Thou shall be cast out of God."""
948,"""And he said unto them, What shall be cast out of God."""
949,"""And he said unto them, Thou shall be cast out of God."""
950,"In this tutorial, we learnt about:"
951,You all please speak.
952,"If not, please visit our website."
953,"""After studying this lesson, you will be able to"""
954,"Now, I will select the image."
955,"""And he said unto them, Thou shall be in the church:"""
956,"""Mo: One who cannot became resistanted by the earth, which is called excretion."""
957,We can see that the output is displayed.
958,"Now, click on Save and press Enter."
959,"""And he said unto them, Thou shall be in the church:"""
960,"Now, let's look at the end of this tutorial."
961,"In this tutorial, we will learn about: Ubuntu Linux OS 16.04."
962,"Now, I will select the image and here."
963,"In this tutorial, we will learn about:"
964,The Spoken Tutorial Project Team conducts workshops using spoken tutorials.
965,"""And he said unto them, Verily If ye shall be able to you."""
966,"Now, let us see how to add a program."
967,"For this tutorial, I am using: Ubuntu Linux OS version 11.10."
968,"To record this tutorial, we learnt: Ubuntu Linux OS 16.04"
969,"""In this lesson, you will be able to learn about the knowledge."""
970,"""And he said unto them, What shall be in the church:"""
971,"""While inhaling, raise the right leg at shoulders."""
972,"""And he said unto them, Whatsoever shall be cast out of God."""
973,"""And he said unto them, What shall be the Lord?"""
974,"Now, I will select the image."
975,"For this tutorial, we will learn about: Ubuntu Linux OS 16.04."
976,Click on Save button at the page.
977,"To record this tutorial, we learnt:"
978,"""After studying this lesson, you will be able to"""
979,"In this tutorial, we learnt about:"
980,"""And he said unto them, Thou shall be cast out of God."""
981,"Now, let us see how to add a new page."
982,Then click on Save button.
983,"""After studying this lesson, you will be able to"""
984,"""After studying this lesson, we will learn about:"""
985,"""After studying this lesson, you will be able to learn about:"""
986,The Spoken Tutorial Project Team conducts workshops using spoken tutorials.
987,"""After studying this lesson, you will be able to"""
988,Let us see what happens.
989,"If not, please visit our website."
990,"So, I will select the image and here."
991,"In this tutorial, we learnt about:"
992,"""And when he had taken, they saw a great multitudes."""
993,"""And he said unto them, Thou shall be in the church:"""
994,"""While inhaling, raise the right nostril."""
995,"""And he said unto them, Thou shall be cast out of God."""
996,You all may fight.
997,"""And he said unto them, What shall be in the church?"""
998,"Now, let's look at the page."
999,"For more details, please write to contact@spoken-tutorial."
1000,"""Slowly raise the legs together, and exhaling."""
